id_pesquisavel;chave_pesquisavel;id_item;descricao;titulo;subtitulo;versao_min_ios;versao_min_android;deeplink;icone;feature_flag;palavras_chave
FEATURE-6398904060c459eabed781cd;6398904060c459eabed781cd;cofrinhos;Consulte seus cofrinhos e guarde a 102% do CDI aqui;Cofrinhos;Consulte seus cofrinhos e guarde a 102% do CDI aqui;11.00.056;11.00.074;picpay://picpay/investment/safes;piggy;;guardar dinheiro,guardar,cofre,separar dinheiro,dinheiro guardado,planejamento,objetivo,rendeu,cofrinhos,planejar,resgatar,reserva,rendendo,render,caixinhas,cdb,porco,caixinha,cdi,renda fixa,porquinho,investimento,meus cofrinhos,poupanca,investir,meta,investimentos,guarda dinheiro,guarda
FEATURE-6478abdcab543b134cc04337;6478abdcab543b134cc04337;emprestimo_com_garantia;Use seu carro como garantia e pague em até 60×;Empréstimo com Garantia;Use seu carro como garantia e pague em até 60×;11.00.084;11.00.120;picpay://picpay/cgv/onboarding?origin=BUSCA;car;is_cgv_loan_available;contratar emprestimo,emprestimo com carro,emprestimo usando carro,taxa de emprestimo,juros baixos,credito,credito com garantia,pedir emprestimo,dinheiro,pedir credito,pedir dinheiro,garantia de veiculo,veiculo,veiculares,ipva,multa,licenciamento
FEATURE-61f454380a4db67c7a42855b;61f454380a4db67c7a42855b;desbloquear_cartao;Seu cartão chegou? Desbloqueie e comece a usar;Desbloquear cartão;Seu cartão chegou? Desbloqueie e comece a usar;10.19.095;10.19.122;picpay://picpay/card/credit/validate;lock_open;;picpay card,desbloquear,desbloqueio,card,pedir cartao
FEATURE-648b5357bf409f24a8690970;648b5357bf409f24a8690970;gerenciar_carteira;Confira e edite os membros da sua Carteira Compartilhada;Gerenciar Carteira;Confira e edite os membros da sua Carteira Compartilhada;11.00.086;11.00.120;picpay://picpay/shared-wallet/members;wallet;show_shared_wallet_owner_drawer;dependentes,carteira compartilhada,conjunta,membros,conta conjunta,cotitular,cotitulares,retirar conta,gerenciar,compartilhar,carteira,conta compartilhada,participantes
FEATURE-65cd05340d2e812e33dbd85d;65cd05340d2e812e33dbd85d;recarga_de_celular;Vivo, Claro, Tim, Oi e outras;Recarga de Celular;Vivo, Claro, Tim, Oi e outras;9.05.003;9.05.001;picpay://picpay/phone-recharge?screen=BUSCA&component=BUSCA;phone;;vivo,tim,claro,oi,recarga,algar,nextel,correios,celular,carregar,recarregar,telefone,telefone celular,credito,colocar,colocar credito,teca,recargapay,recarga pay
FEATURE-8b35478156c3e1b52a9fa053;8b35478156c3e1b52a9fa053;faq_como_adicionar_dinheiro;Entenda aqui como adicionar dinheiro na sua conta PicPay;FAQ: Como adicionar dinheiro?;Entenda aqui como adicionar dinheiro na sua conta PicPay;11.00.025;11.00.026;picpay://picpay/helpcenter/category/360003814572?origin=busca;info;;gerar boleto,dinheiro,ted,auxilio,depositar,boleto,carteira,portabilidade,auxilio brasil,gerar
FEATURE-75fd13b422b3d46e6a218516;75fd13b422b3d46e6a218516;adicionar_outro_cartao;Adicione qualquer cartão de crédito e parcele tudo até 12x;Adicionar outro cartão;Adicione qualquer cartão de crédito e parcele tudo até 12x;11.00.015;11.00.035;picpay://picpay/cardregistration;add_card;;adicionar,inserir,cadastrar cartao de credito,adicionar cartao,cadastrar cartao,cadastrar,cadas,cada
FEATURE-62f526943e1ea7fc75a33242;62f526943e1ea7fc75a33242;radar_de_credito;Monitore seus dados e acelere suas ofertas;Radar de crédito;Monitore seus dados e acelere suas ofertas;11.00.028;11.00.035;picpay://picpay/hubcredito;doc_search;;debito,spc,negativado,pendencias,nome sujo,serasa,meu nome,score,meu cpf,cpf,negativo,credito,consultar,pendencia,regularizar,consulta,monitorar cpf,monitorar,credito,radar
FEATURE-6568fadfb54139616c71a440;6568fadfb54139616c71a440;modo_seguro;Seus saldos mais protegidos na rua;Modo Seguro;Seus saldos mais protegidos na rua;11.00.102;11.00.157;picpay://picpay/safe-places/hub;profile_home;is_safe_places_available;modo,rua,local,locais,protecao,endereco,enderecos,ocultar,oculto,proteger,saldo,carteira,seguro,seguros,segura,seguranca
FEATURE-66212f1771069b4240b467b4;66212f1771069b4240b467b4;meus_servicos;Configure seu cartão, chave pix, entre outros;Meus serviços;Configure seu cartão, chave pix, entre outros;11.00.006;11.00.006;picpay://picpay/adjustmentsv2/myservices;wrench;feature_onboarding_adjustments_v2_enabled;configurar,configuracoes,servicos,permissao,permissoes
FEATURE-662169af07fc0a335fa0c71c;662169af07fc0a335fa0c71c;notificacoes;Acesse as suas notificações do App;Notificações;Acesse as suas notificações do App;11.00.006;11.00.006;picpay://picpay/n/notification;bell;feature_onboarding_adjustments_v2_enabled;alerta,alertas,comunicacao,comunicacoes,mensagens,notificacao,notificacoes,notification,push
FEATURE-6621383ffaf5556ed4e803c4;6621383ffaf5556ed4e803c4;dados_cadastrais;Atualize seus dados e mantenha sua conta segura;Dados cadastrais;Atualize seus dados e mantenha sua conta segura;11.00.006;11.00.006;picpay://picpay/registrationrenewal;identification_card;feature_onboarding_adjustments_v2_enabled;aplicativo,app,atualizar,atualizacao,seguranca,bacen,cadastro,cadastral,conta,configurar,configuracoes,dados,dados pessoais,identidade,regulatorio,verificar
FEATURE-65429c7206155502eff39e96;65429c7206155502eff39e96;emprestimo_pessoal;Dinheiro rápido pra você usar como quiser. Sujeito à análise;Empréstimo Pessoal;Dinheiro rápido pra você usar como quiser. Sujeito à análise;11.00.103;11.00.161;picpay://picpay/personal-credit/acquisition?origin=busca;handshake;is_pc_acquisition_available;fazer emprestimo,pedir emprestimo,pedir credito,meu emprestimo,simular emprestimo,simulador,simular credito,credito pessoal,credito,oferta emprestimo,emprestimo pessoal,emprestimo,emprestimos,emp,empr,empre,empres,emprest,empresti
FEATURE-612fc4ea31ed786e13175388;612fc4ea31ed786e13175388;ajustes;Acesse seu cadastro, configurações e mais;Ajustes;Acesse seu cadastro, configurações e mais;10.19.068;10.19.151;picpay://picpay/settings;settings;feature_onboarding_researchable_old_adjustments;ajuste,ajustes,ajustar,alterar,alterar senha,altera senha,app,biometria,conf,config,configurar,configuracao,configuracoes,cadastro,completar,completar cadastro,conta,cpf,dados,dados pessoais,endereco,esqueci minha senha,enderecos,esqueci,gerenciar,fotos,foto,identidade,meu,mudar,mudar senha,mudar senha configuracoes,mudar configuracao,perfil,recurso,recuperar,redefinir senha,redefinir minha senha,senha,senhs,meus dados,minha conta,minha senha,redefinir,seguranca,sections_order,trocar senha,trocar a senha,trocar,troca senha,recuperar minha senha
FEATURE-63406a74dd37d9afabe4ead1;63406a74dd37d9afabe4ead1;portabilidade_de_salario;Seu salário vale mais no PicPay. Aproveite as vantagens!;Portabilidade de salário;Seu salário vale mais no PicPay. Aproveite as vantagens!;11.00.017;11.00.019;picpay://picpay/cashin/salary-portability;portability;;transferencia,rendimento,vantagem,salario,vantagens,receber,portabilidade,fazer portabilidade,pagamento,folha,transferir,pagamentos
FEATURE-66212e013eca29ad05612e98;66212e013eca29ad05612e98;seguranca_e_privacidade;Configure sua proteção de conta, senha, entre outros;Segurança e Privacidade;Configure sua proteção de conta, senha, entre outros;11.00.006;11.00.006;picpay://picpay/adjustmentsv2/securityandprivacy;shield_empty;feature_onboarding_adjustments_v2_enabled;acesso,atualizar,atualizar cadastro,atualizacao,autorizar,autorizacao,cadastro,conta,dados,minha conta,privacidade,proteger,protecao,seguranca,senha,trocar
FEATURE-653687bcfea5c663c0f84d08;653687bcfea5c663c0f84d08;seguro_fatura_protegida;Seguro que paga sua fatura em caso de imprevistos;Seguro Fatura Protegida;Seguro que paga sua fatura em caso de imprevistos;11.00.108;11.00.165;picpay://picpay/insurance/route?feature=card-invoice&screen=main;paper_cashback;;fatura protegida,apolice
FEATURE-6478ae4d3fb41ad8069d96b5;6478ae4d3fb41ad8069d96b5;previdencia_para_criancas;A primeira previdência infantil colaborativa do Brasil;Previdência para Crianças;A primeira previdência infantil colaborativa do Brasil;11.00.084;11.00.120;picpay://picpay/pulpa/hub;pulpa;is_pp_pulpa_enabled;pulpa,previdencia,crianca,investimento,filhos,filho,familia,colaborar,pulpilo,pupilo,icatu,presente,guardar,poupar,poupanca
FEATURE-802fc4ea31if496e13199388;802fc4ea31if496e13199388;assistente_picpay;Faça Pix com áudio, imagem ou texto;Assistente PicPay;Faça Pix com áudio, imagem ou texto;11.00.149;11.00.256;picpay://picpay/dm/atendimento?id=PP31;picpay;is_hub_pix_audio_button_enabled_pf;assistente,audio,imagem,pix audio,pix com audio
FEATURE-64665a44736f12424b30ed0f;64665a44736f12424b30ed0f;falar_com_atendimento;Acesse nosso atendimento e tire suas dúvidas;Falar com atendimento;Acesse nosso atendimento e tire suas dúvidas;11.00.084;11.00.120;picpay://picpay/dm/atendimento?id=PP18;call_center;is_dmexp_atendimento_chat_creation_enabled;estorno,duv,picpay,pic,duvida,hel,sup,suporte,fal,central,atendente,tirar duvida,contato,falar com atendente,ajuda,chatbot,problema,gpt,atendimento,aju,ajud,help,at,ate,aten,atend,atendi,atendim,atendime,atendimen,atendiment,ouvidoria,extorno,chat,perguntas,perda,roubo,denunciar,recuperar senha,recuperar minha senha,perda ou roubo,reclamacao,reclamar,contestar,contestacao,meu cartao nao chegou,onde,por que,porque,pq,como
FEATURE-antecipar_salario;antecipar_salario;antecipar_salario;Antecipe seu salário sem burocracia;Antecipar salário;Antecipe seu salário sem burocracia;11.00.076;11.00.107;picpay://picpay/benefits/wage_advance;money_bag_watch;is_antecipacao_available;salario,antecipacao,antecipacao salarial,adiantamento,adiantar,adiantar salario,antecipar salario,contracheque,receber salario,meu salario,holerite,picpay antecipa,aposentado,inss,aposentadoria,beneficio,antecipar
FEATURE-assistencia_saude;assistencia_saude;assistencia_saude;Cuide da saúde por um preço que cabe no bolso;Assistência Saúde;Cuide da saúde por um preço que cabe no bolso;11.00.120;11.00.084;picpay://picpay/insurance/route?feature=health-assistance&screen=main&origin=busca;heart_shield;;saude,plano de saude,ajuda saude,assistencial,medicos,plano medico,seguro saude,consultas,consulta online,medicamento,telemedicina,exames
FEATURE-cdb_picpay_bank;cdb_picpay_bank;cdb_picpay_bank;Investimento com segurança e baixo risco;CDB PicPay Bank;Investimento com segurança e baixo risco;11.00.084;11.00.120;picpay://picpay/investments/purchase/offers/v2?productId=2&productTypeId=11;money_bag;is_CDB_enabled;cdb,renda variavel,fgc,rentabilidade,cdi,renda fixa,investidor,baixo risco,certificado,certificado de deposito bancario,investimento,resgate,investir,investimentos
FEATURE-702fc4ea31ed786e13199388;702fc4ea31ed786e13199388;central_de_doacoes;Conheça instituições que precisam da sua solidariedade;Central de doações;Conheça instituições que precisam da sua solidariedade;10.19.068;10.19.151;picpay://picpay/webview?url=https://cdn.picpay.com/apps/central-de-doacoes/webview.html;hand_heart;;lbv,cufa,ayrton senna,medicos sem fronteiras,fundo jbs,greenpeace,acacci,doacoes,sos enchentes,doar,amazonia,sos,capivari,graacc,pracatum,instituto ronald mcdonald,teleton,cruz vermelha,hospital pequeno principe,fundo amazonia,amigos do bem,visao mundial,aacd,doeteleton,instituto crianca,instituto,unicef,doacao,hospital das clinicas,enchente,ampara,doe,aldeias infantis,mesa brasil,artagao gesteira
FEATURE-644aa6e2e23221164f02ecb8;644aa6e2e23221164f02ecb8;debito_automatico;Pague contas automaticamente sem complicações;Débito automático;Pague contas automaticamente sem complicações;11.00.076;11.00.107;picpay://picpay/bills-direct-debit?origin=busca;calendar_refresh;is_bills_direct_debit_search_avaliable;dda,automatico,boleto vencido,debito,acompanhar,debitar,contas em dia,conta em dia,energia,boleto,pendencias,descontar,tributos,planejamento,luz,bills,contas,pagamento,da,agua,pagamentos
FEATURE-64ad8ebfb5c39a662ae8bafd;64ad8ebfb5c39a662ae8bafd;limite_especial;Valor extra de saldo disponível na sua conta;Limite Especial;Valor extra de saldo disponível na sua conta;11.00.078;11.00.119;picpay://picpay/special-limit;arrow_left_right;is_eligible_special_limit;credito extra,limite cheque especial,lis,extra,cheque especial original,cheque,saldo,limite,cheque especial
FEATURE-758a7fc1999bee1708941753;758a7fc1999bee1708941753;transferir_dinheiro;Envie dinheiro via Pix, PicPay, Câmbio ou TED;Transferir dinheiro;Envie dinheiro via Pix, PicPay, Câmbio ou TED;10.19.094;10.19.184;picpay://picpay/cashout/transfer;cash_out;;transferencia,cambio,ted,tranferir dinheiro,fazer,tranferir,transferencia bancaria,transferir,pix,internacional,transferir dinheiro
FEATURE-5dbb13376893a8f747058159;5dbb13376893a8f747058159;cobrar;Cobre amigos no PicPay, por Pix, link, boleto ou QR Code;Cobrar;Cobre amigos no PicPay, por Pix, link, boleto ou QR Code;;;picpay://picpay/chargeperson;chat_money;;meu qr,cobrar amigo,link compartilhavel,link,meu qr code,cobranca,mandar,cobrar,receber,dividir,gerar link,gerar
FEATURE-63b8210bea761f753052d418;63b8210bea761f753052d418;proteger_celular;Seu celular 100% protegido sem burocracia;Proteger celular;Seu celular 100% protegido sem burocracia;11.00.063;11.00.076;picpay://picpay/insurance/cellphone?origin=busca;phone_insurance;;telefone celular,seguro telefone,meu seguro,picpay seguros,celular,seguro celular,proteger meu celular
FEATURE-548758a24b4fb3cad7465016;548758a24b4fb3cad7465016;picpay_beneficios;Acesse aqui informações sobre os seus benefícios;PicPay Benefícios;Acesse aqui informações sobre os seus benefícios;11.00.046;11.00.090;picpay://picpay/benefits/home;shapes;is_benefits_entry_available;refeicao,beneficio,alimentacao,picpic,cartoes,segunda via,extrato,saldo,desbloqueio,beneficios,bloqueio
FEATURE-6036630ab8d207fdb7509446;6036630ab8d207fdb7509446;picpay_card;Peça seu cartão ou saiba mais sobre o seu PicPay Card;PicPay Card;Peça seu cartão ou saiba mais sobre o seu PicPay Card;10.19.040;10.19.076;picpay://picpay/card/register/hybrid;credit_card;;adicional,aprocima,aproxi,aproxim,aproxima,aproxima,aproximac,aproximaca,aproximacao,ativar,bloquear,bloqueia,car,caratao,card,cart,carta,cartai,cartao de credito,cartao de,cartao picpay,cartao virtual,cartao,cartoes,cartq,cartqo,caryao,como pedir car,como pedir cartao,crediro,credito,credoto,credu,cresito,crtao,debito,desbloquear,estorno,extorno,fat,fatu,fatur,fatura do cartao,fatura,gerar boleto,lim,limi,limite garantido,limite,limites,mastercard,master,meu cartao,meu,minha fatura,novo cartao,novo,pagamento por apro,pagamento por aproximacao,pagar minha fatura,pagar por apro,pagar por aproximacao,pedir c,pedir cartao de credito,pedir cartao debito,pedir cartao fisico,pedir cartao novo,pedir cartao pi,pedir cartao pic,pedir cartao picpay,pedir cartao,pedir novo cartao,pedir outro cartao,pedir segunda via do cartao,pedir segunda via,pedir segunda,pedir,pic,picpay card,picpay,picpaycard,picpei card,quero,rastreio,segunda via,solicitacao,solicitar cartao,solicitar novo cartao,solicitar,vartao,virtual,visa,cartao fisico
FEATURE-640614578aa3824a7b78accf;640614578aa3824a7b78accf;descontos_e_cashback;Compre, pague com PicPay e aproveite ofertas;Descontos e Cashback;Compre, pague com PicPay e aproveite ofertas;11.00.086;11.00.126;picpay://picpay/webview?url=https://cdn.picpay.com/wv/23/SFPJ/10outubro/18656_NOVA/01_webview.html;cashback;;oferta,desconto,descontos,cashback,promocao,beneficios,motorola,trocafone,lojas rede,eletrolux,positivo,imaginarium,mac,drogal,sestini,uber,mizuno,casa mind,zee dog,connect parts,consul,toymania,lojas torra,grandvision fototica,webcontinental,mash,multilaser,vitamine-se,vitamine,vitami,eletrum,olympikus,underarmour,ocean,sorte online,vantagens
FEATURE-61000944c4842ab4ebaf44be;61000944c4842ab4ebaf44be;extrato_e_comprovantes;Acompanhe a movimentação da sua conta, cashback e mais;Extrato e comprovantes;Acompanhe a movimentação da sua conta, cashback e mais;10.19.068;10.19.151;picpay://picpay/userstatement;extract;;extratos,atividades,recibo,recebidos,extrato de pagamentos,ativi,extrato de pagamento,historico,estratos,meus pagamentos,2 via,atividade,feed,conpro,valor retirado,conprovante,extrato,comprovantes,estrato,minhas atividades
FEATURE-6100064133155d451f319d58;6100064133155d451f319d58;central_de_ajuda;Tire dúvidas e conheça tudo sobre o PicPay;Central de Ajuda;Tire dúvidas e conheça tudo sobre o PicPay;10.19.068;10.19.151;picpay://picpay/helpcenter;help;;telefone,sair,conta limitada,numero,reclamacao,como pagar,suporte,estornar,central,perguntas frequentes,duvidas,faq,como fazer,falar com atendente,nao consigo,nao,reembolso,como,ajuda,central de atendimento,fale conosco,original,validar,duvidas frequentes,como fazer emprestimo,atendimento,aju,conta bloqueada,ouvidoria,central de ajuda,chat,perguntas,contestar,ajudar,banco original
FEATURE-64595d8ce978937dc23e6a56;64595d8ce978937dc23e6a56;seguros;Escolha um seguro ou gerencie os que você já contratou;Seguros;Escolha um seguro ou gerencie os que você já contratou;11.00.079;11.00.113;picpay://picpay/insurance/hub;shield;;seguro,seguros,vigencia,cancelar seguro,condicoes,manual do segurado,cobertura,protecoes,indenizacao,sinistro,seguranca,acionar,proteger,apolice,protecao,manual seguro,acionar seguro,todos os seguros,seguros picpay,seguros diversos,seguro de vida,seguro carteira,seguro pix,seguro cartao,seguro celular,protecao picpay,seguros diversos,protecao para vida,carteira protegida,proteger  pix,proteger cartao
FEATURE-31554ab7658427c48db06af4;31554ab7658427c48db06af4;complete_seu_cadastro;Conclua seu cadastro pra aproveitar sua conta;Complete seu cadastro;Conclua seu cadastro pra aproveitar sua conta;11.00.006;11.00.006;picpay://picpay/upgradeaccount;profile;feature_onboarding_researchable_old_adjustments;conta limitada,upgrade,completar cadastro,receber pix,limitada,receber pagamento,minha conta foi limitada,atualizar,nao consigo receber pix,atualizar cadastro,receber dinheiro,cadastro,completar
FEATURE-640615649849f6c77281cb59;640615649849f6c77281cb59;ted;Disponível em dias úteis dentro horário comercial, sem taxas;TED;Disponível em dias úteis dentro horário comercial, sem taxas;11.00.089;11.00.139;picpay://picpay/cashin/ted-out;arrows_diagonal;;ted,transferir,transferi,transferencia,transferencias,transferencia ted,fazer ted,transferir dinheiro
FEATURE-6621365b1cbd05fdd47c2c81;6621365b1cbd05fdd47c2c81;versao_do_app;Mantenha seu app atualizado para garantir mais segurança;Versão do app;Mantenha seu app atualizado para garantir mais segurança;11.00.006;11.00.006;picpay://picpay/adjustmentsv2/about;phone_refresh;feature_onboarding_adjustments_v2_enabled;aplicativo,app,atualizar,beta,beta testing,atualizacao,conta,configurar,configuracoes,detalhes do aplicativo,numero da versao,sobre o aplicativo,verificacao,verificar,versao
FEATURE-662130ec47749ccf83dffe6c;662130ec47749ccf83dffe6c;preferencias_de_comunicacao;Escolha quais canais e assuntos quer ser notificado;Preferências de comunicação;Escolha quais canais e assuntos quer ser notificado;11.00.006;11.00.006;picpay://picpay/notification/configuration;bell;feature_onboarding_adjustments_v2_enabled;alerta,alertas,configurar,configuracoes,comunicacao,comunicacoes,dados,minha conta,notificacao,notificacoes,notification,preferencia,preferencias,push
FEATURE-5f134ba76744b5c8a2d84506;5f134ba76744b5c8a2d84506;rendimento_da_conta;Acompanhe o rendimento do seu saldo;Rendimento da conta;Acompanhe o rendimento do seu saldo;10.19.063;10.19.137;picpay://picpay/savings;trend_up;;cdb,guardar dinheiro,rendimentos,cdi,renda,rendimento,quanto rende,rendeu,rendi,quanto rendeu,guarda dinheiro,rendendo,render,redimento
FEATURE-66351578149917f9f3fb06d5;66351578149917f9f3fb06d5;vai_de_bet;Cadastre-se e dobre o valor do seu primeiro depósito;Vai de Bet;Cadastre-se e dobre o valor do seu primeiro depósito;10.19.024;10.19.035;picpay://picpay/webview?url=https://cdn.picpay.com/ads/wv/Vaidebet/Maio-24/VDB-BUSCA-02-05-FINAL.html;currency_circle_dollar;;vaidebet,vai de bet,bet,bet nacional,aposta,futebol,apostar,jogo,vdb
FEATURE-661edb83be73dc7f0596cee4;661edb83be73dc7f0596cee4;ajustes;Configure seu perfil, conta, segurança, serviços e mais;Ajustes;Configure seu perfil, conta, segurança, serviços e mais;10.19.068;10.19.151;picpay://picpay/adjustmentsv2/hub;settings;feature_onboarding_adjustments_v2_enabled;ajuste,ajustes,ajustar,alterar,alterar senha,altera senha,app,biometria,conf,config,configurar,configuracao,configuracoes,cadastro,completar,completar cadastro,conta,cpf,dados,dados pessoais,endereco,esqueci minha senha,enderecos,esqueci,gerenciar,fotos,foto,identidade,meu,mudar,mudar senha,mudar senha configuracoes,mudar configuracao,perfil,recurso,recuperar,redefinir senha,redefinir minha senha,senha,senhs,meus dados,minha conta,minha senha,redefinir,seguranca,sections_order,trocar senha,trocar a senha,trocar,troca senha,recuperar minha senha
FEATURE-5a6c3c35ff5a8c1db8162d3c;5a6c3c35ff5a8c1db8162d3c;pagar_nas_maquininhas;Pague em máquinas PicPay, Cielo, Getnet e Rede escaneando o QR code;Pagar nas Maquininhas;Pague em máquinas PicPay, Cielo, Getnet e Rede escaneando o QR code;;;picpay://picpay/unified-scanner?origin=busca;qr_code;;rede,maquininha,cielo,getnet,maquina de cartao,maquininha picpay,pe de meia,associacao sabesp
FEATURE-compra_planejada_celular;compra_planejada_celular;compra_planejada_de_celular;Escolha o valor do celular e pague em 36x, no boleto ou Pix, sem reajustes;Compra Planejada de Celular;Escolha o valor do celular e pague em 36x, no boleto ou Pix, sem reajustes;11.00.199;11.51.003;picpay://picpay/hubtelecom/consortium?id=66a7fac93a497a648e502069&screen=INICIO&component=BUSCA&origin=BUSCA;phone_currency;is_consortium_klubi_available;klubi,compra planejada,celular,smartphone,samsung,motorola,iphone,consórcio,compra parcelada,parcelar celular
FEATURE-conta_global;conta_global;conta_global;Dólar e euro com taxas reduzidas e cartão internacional pra você. ;Conta Global;Dólar e euro com taxas reduzidas e cartão internacional pra você. ;11.00.173;11.16.000;picpay://picpay/global-account;global;is_global_account_pf_available;dolar,euro,cambio,comprar dolar,multimoeda,iof,conta global,conta internacional,viagem internacional
FEATURE-previdencia_privada;previdencia_privada;previdencia_privada;Cuide de seu futuro com diversos planos;Previdência privada;Cuide de seu futuro com diversos planos;11.00.185;11.41.001;picpay://picpay/investments/purchase/offers/v2?productId=8&productTypeId=0;safe;is_previdencia_card_available;investimento,previdencia,futuro,aponsentadoria,rentabilidade,prev
FEATURE-antecipar_inss;antecipar_inss;antecipar_inss;Antecipe seu INSS sem burocracia;Antecipar INSS;Antecipe seu INSS sem burocracia;11.00.076;11.00.107;picpay://picpay/benefits/wage_advance;money_bag_watch;is_home_drawer_anticipate_inss;adiantar,inss,antecipacao,receber inss,adiantar inss,picpay antecipa,aposentadoria
FEATURE-662aa6e5cf6e73fac7a59da8;662aa6e5cf6e73fac7a59da8;seguro_renda_protegida_fgts;Receba R$ 1.000,00 em caso de desemprego;Seguro Renda Protegida FGTS;Receba R$ 1.000,00 em caso de desemprego;10.19.024;10.19.035;picpay://picpay/insurance/route?feature=fgts&screen=main&origin=busca-fgts;loan;insurance_hub_v2_fgts_loan_rule;seguro,seguro renda,seguro desemprego,seguro fgts,dinheiro fgts,fgts,renda protegida,fiquei desempregado,auxilio desemprego
FEATURE-beneficios_do_picpay_card;beneficios_do_picpay_card;beneficios_do_picpay_card;Confira os benefícios do seu cartão de crédito;Benefícios do PicPay Card;Confira os benefícios do seu cartão de crédito;11.00.180;11.40.000;picpay://picpay/card/benefits;gift;;beneficios do cartao,vantagens do cartao,vantagem do cartao,meu picpay card,meu cartao,picpay card,beneficios picpay,cartao de credito picpay,vantagens picpay card,mastercard beneficios,menu de beneficios picpay,programa de recompensas picpay,cartao digital picpay
FEATURE-648b517eb6724d9b57694b2d;648b517eb6724d9b57694b2d;carteira_compartilhada;Acompanhe as movimentações do saldo compartilhado;Carteira Compartilhada;Acompanhe as movimentações do saldo compartilhado;11.00.086;11.00.120;picpay://picpay/shared-wallet;group;show_shared_wallet_drawer_home;compartilhar,carteira compartilhada,conjunta,carteira,conta,conta conjunta,conta compartilhada
FEATURE-64a30725a2ae3816e45bbd73;64a30725a2ae3816e45bbd73;seguro_vida;Proteção completa pro seu futuro e também pro seu agora;Seguro Vida;Proteção completa pro seu futuro e também pro seu agora;11.00.086;11.00.126;picpay://picpay/insurance/life?origin=busca;heart_shield;;seguro vida,seguro de vida,cobertura de morte natural,seguro morte,seguro invalidez,seguro acidente,protecao morte,protecao invalidez,protecao acidente,cotacao de seguro de vida,protecao vida,vida protegida,seguro familia,doencas graves,morte,invalidez,acidente,beneficiario,beneficiarios,funeral,assistencia funeral,internacao hospitalar,protecao doenca,vida,seguros,seguro invalidez,cancelar seguro,indenizacao,sinistro,acionar seguro,manual seguro,acionar,apolice,seguranca,sorteio seguro,sorteio
FEATURE-56650b5a743cf7842ba44d81;56650b5a743cf7842ba44d81;promocoes;Cashback, ofertas e cupons num só lugar. Aproveite!;Promoções;Cashback, ofertas e cupons num só lugar. Aproveite!;11.00.023;10.19.138;picpay://picpay/store?origin=BUSCA;tag;;codigo pro,gift card,ofertas,promocao,voucher,promo,saldo promocional,dinheiro de volta,descontos,sites parceiros,codigo promocional,cupons,locais proximos,cupom de desconto,cupom promocional,indicar amigos,store,ganhar dinheiro,indicar pessoas,cashback,promocional,retorno,cupom,creditos,promocoes,cupom pro
FEATURE-64ad85b47efd66cacae3b41d;64ad85b47efd66cacae3b41d;cartao_original;Veja as informações do seu cartão Original na carteira;Cartão Original;Veja as informações do seu cartão Original na carteira;11.00.078;11.00.119;picpay://picpay/wallet;credit_card;flag_show_original_card_search;original,cartao original,meu cartao original,cartao de credito
FEATURE-7130064373155a481f309d58;7130064373155a481f309d58;multas_e_ipva;Consulte seu IPVA, multas e taxas e pague em até 12x;Multas e IPVA;Consulte seu IPVA, multas e taxas e pague em até 12x;11.00.007;11.00.013;picpay://picpay/vehicle-debts;car_search;;veiculo,ipva,automovel,detran,renavan,multa,renavam,dpvat,pagar ipva,licenciamento,taxas,debitos de veiculo,moto,carro
FEATURE-459b5cc9013bee1708195422;459b5cc9013bee1708195422;sacar;Saque seu dinheiro no caixa do Banco24Horas;Sacar;Saque seu dinheiro no caixa do Banco24Horas;10.19.094;10.19.184;picpay://picpay/cashout/withdraw;cash_machine;;banco 24horas,digital,saque,banco24horas,sem cartao,sacar,tirar dinheiro,saque digital,retirar,banco 24h,retirar dinheiro,saque sem cartao
FEATURE-6347f142cfd93f0d716116f1;6347f142cfd93f0d716116f1;xbox;Compre jogos, filmes, música e muito mais;Xbox;Compre jogos, filmes, música e muito mais;11.00.046;11.00.090;picpay://picpay/store-home/category?name=lojas_xbox&screen=BUSCA&component=SERVICOS;game_controller;;jogo,jogos,recarga jogo,gift card,xbox,live gold,game pass,pass,game,gold,pc game pass,halo,starfield,ultimate
FEATURE-5aaab8f86344590001f47205;5aaab8f86344590001f47205;pagar_boleto;Pague boletos de água, luz, telefone, internet e mais;Pagar boleto;Pague boletos de água, luz, telefone, internet e mais;;;picpay://picpay/boleto;bar_code;;agendados,demei,dea,setec,aguas,governo,boleto,sanep,cert,ultrawave,pagar boleto,codau,azul seguros,capemisa,tributos,pmi,alfa seguradora,simasa,luz,cosanpa,bhtrans,dmaes,apa,coopercocal,pref,arrecadacao,centauro vida,emdaep,celpa,brk,damae,cebranorte,fundo mun,celpe,sanecap,cemar,ceam,taxa,jucepe,ceal,coopera,compagas,cbmerj,cagece - ce,certrel,gas natural,dmaeg,metlife,sanecab,caiua distribuicao,eletropaulo,cergal,saeec,voce telecom,telecomdados,ameri,municipal,cicab,caema,secretaria,cea,renach,ceb,zurich,dmae,empresa jornalistica,saneba,ceg,cermc,cedae,cef,poder judiciario,fundema,tribunal,btc,cegero,sanesc,grrj,banda larga,caepa,funesbom,cerpalo,celesc,cedri,teotrnas,ctbc,deas,sancor,telepara,cervam,daepromat,fonar,dalzisa,fipecq,asa,coorsel,comasa,icms,ejw,prefeitura,saneouro,sanelider,daesc,gfip,saneatis,cooperzem,amazonia celular,eflul,gasbrasiliano,valenet,demae,coopersul,geplan,ceriluz,allianz seguros,amazonas energia,setae,bahiagas,daemo,comgas,iss,convenio,afeam,conisa,copel,agespisa,coelce,custas judiciais,coopernorte,demasr,sulgipe,sanesul,fundepec,amazonprev,eletricidade,tim,hidropan,vivo,telaima,grde,copanor,embratel,sanessol,dmaat,seama,ats,compesa,simternet,energia,sicoob,tmais,coelba,consigaz,ceee,itau,cerbems,equatorial previdencia,porto seguro,sane,mongeral,sanear,alianca administradora de beneficios de saude,deso,maritima,sefa,propangas,boletos,arc vida,seguros,strans,sulamerica,intelig,samae,oi tv,ultragaz,minasgas,saerb,dmed,saae,sesam,cerfox,sanepar,sameae,aes,rge,gam,samar,saerp,sigefredo,alianca vistoria e certificacao automotiva,ceris,telemazon,pmal,bahiana distribuidora,oi contas,procuradoria vitoria,gru,uhenpal,sabesp,sidys,semais,claro,gasball,tnl pcs,doc simples domestico,prolagos,servico,saned,telecomunicacao,sercomtel,emasa,saate,conta de luz,bandeirante energia,sefaz,dediac,cemig,epsilon,onnet,pmcm,tjrj,coodesam,creluz,agua,transbetim,sky,fms f m saneame,sanefrai,teleamapa,municipio,sasb,banco,saema,copasa,cerrp,alianca telecom,cernhe,cooperalianca,jucep,fgts,cia paulista de energia eletrica,saemi,cersad,saaec,saaei,fundo meio amb,cetril,cohab,unimed,cosern,enersul,semae,saaep,enel,jusprev,cergapa,algar,sanasa,sisar,telecomunicacoes,saev,cemirim,saep,cersul,daae,sisam,energisa,liquigas,saneago,cerej,gaivota saneam,hidromar,saec,telecom,lgtel6,aeroporto,chesp,dare,darf,energida,equatorial negocios inteligentes,casan,proc,tjsp,cia forca e luz do oeste,gnre,certaja,bau da felicidade,cesama,esap,celg,aerg,fundacao cultural,pagar luz,fundagro,amae,ceripa,cergral,concessionaria,guia recolhimento uniao,coden,emp forca e luz,coopermila,dae,proc geral,sanemat,ceron,cosama,naturagua,urbs,caerd,cia ituana de saneamento,net,cesan,gasmig,transneves,das mei,cermeso,oi brt,brasil telecom,supergasbras energia,nextel,corpo bombeiros,edp,cfpl,ampla,telefonica,mapfre,transit,seguradora,tbonet,cpnet,certel - energia,elet,qnet,telemar,cia nacional de energia eletrica,faculdade,simae,dsm,daev,daet,daes,eppo,daep,saaemb,junta comercial,semasa,smae,celtins,tokio marine,esgoto,ccohasb,pagar conta,coprel,sae,iptu,cepisa,cpfl,das simples nacional,jari celulose,dda,eletrocar,tco,caern,cagepa - pb,elektro,imposto,recebimento,cermoful,saneamento,embasa,datema,caesa,celetro,caesb,caesc,cocel,cermissoes,caesi,pagar
FEATURE-636e83da1b547d62b1542f21;636e83da1b547d62b1542f21;emprestimo_com_fgts;100% online, disponível também pra quem é negativado;Empréstimo com FGTS;100% online, disponível também pra quem é negativado;11.00.025;11.00.030;picpay://picpay/fgts-loan/offer/BUSCA;loan_watch;;veiculo,juros baixos,dinheiro,pedir credito,ipva,garantia de veiculo,pedir dinheiro,multa,pedir emprestimo,emprestimo usando carro,licenciamento,emprestimo com carro,fgts,fgta,fgtd,dgts,fjts,enprestimo,credito com garantia,contratar emprestimo,saque aniversario,credito,emprestimo fgts,veiculares,taxa de emprestimo,autorizar
FEATURE-50274f10009544368f8baaa5;50274f10009544368f8baaa5;renegociacao_de_dividas;Escolha as melhores opções pra você;Renegociação de Dívidas;Escolha as melhores opções pra você;11.00.084;11.00.120;picpay://picpay/renegotiation/onboarding;handshake;;renegociar,refinanciamento,negativacao,protesto,divida,desenrola,acordo extrajudicial,acordo,divida vencida,acordo judicial,renegociacao,renegocia
FEATURE-641db299197816125299423e;641db299197816125299423e;saldo_compartilhado;Compartilhe saldos de benefícios com outras pessoas;Saldo Compartilhado;Compartilhe saldos de benefícios com outras pessoas;11.00.069;11.00.099;picpay://picpay/benefits/balancesharing;group;should_show_balance_sharing;espelhado,compartilhado,beneficio,espelhar,compartilhar,compartilhamento,saldo,beneficios
FEATURE-648cb9b6a439945026f3d234;648cb9b6a439945026f3d234;original_e_picpay;Confira mais informações sobre a sua conta;Original e PicPay;Confira mais informações sobre a sua conta;11.00.090;11.00.136;picpay://picpay/helpcenter/original?origin=busca;original;;original,conta,conta conjunta,minha conta original,minha conta,juncao,conta original,banco original,integracao,mensalidade plano original
FEATURE-924f466da4601763b0c59bca;924f466da4601763b0c59bca;parcele_seu_picpay_card;Escolha a melhor opção pra parcelar sua fatura;Parcele seu PicPay Card;Escolha a melhor opção pra parcelar sua fatura;11.00.034;11.00.043;picpay://picpay/card/invoice/installment;credit_card;;pagar,parcelar,parcelamento,picpay,parcela,acordo
FEATURE-7387a0f32c17bc37a7bab153;7387a0f32c17bc37a7bab153;cambio;Compre moedas, envie e receba de outros países;Câmbio;Compre moedas, envie e receba de outros países;11.00.026;11.00.031;picpay://picpay/cashout/international-transfer;exchange;;comprar moeda,cambio,euro,cambio online,dolar,transferencia internacional,real,moeda estrangeira,papel-moeda,moeda,enviar dinheiro,remessa,papel moeda
FEATURE-6064b874789559d0400fa298;6064b874789559d0400fa298;informe_de_rendimentos;Acesse o seu Informe de Rendimentos no PicPay;Informe de Rendimentos;Acesse o seu Informe de Rendimentos no PicPay;10.19.048;10.19.102;picpay://picpay/incomestatements;file_arrow;;ir 2020,ir 2022,ir 2021,imposto de renda,imposto,ir 2024,ir 2023,informe,irrf,irpf,rendimento,declaracao,informe de rendimentos,informe de rendimento,demonstrativo,informes,redimento,infirme,imforme
FEATURE-5f7aa09eae7a1b821a4ef643;5f7aa09eae7a1b821a4ef643;pix;Faça um Pix, é fácil e você pode pagar em até 12x;Pix;Faça um Pix, é fácil e você pode pagar em até 12x;10.19.024;10.19.035;picpay://picpay/pix/hub;pix;;saque pix,troco,retirar,pic,limite,pagar,enviar,cobrar,receber,transferir,pix,gerar,transferencia,chave pix,parcelar pix,como fazer um pix,pix saque,chave,minha chave,saque,compartilhar,fazer pix,pix troco,como fazer pix,copia,pis,pagamento,pagamentos,receber pix
FEATURE-662133200a0dd91a0dc4fa0c;662133200a0dd91a0dc4fa0c;permissoes_do_dispositivo;Autorize o acesso a recursos do celular;Permissões do dispositivo;Autorize o acesso a recursos do celular;11.00.006;11.00.006;picpay://picpay/settings/privacy;lock_open;feature_onboarding_adjustments_v2_enabled;acesso,permissao,configurar,configuracoes,permitir,agenda,camera,localizacao,ativar,desativar,minha conta,controle,controlar,solicitar,solicitacoes,privacidade
FEATURE-66212b0a03b61752492965d1;66212b0a03b61752492965d1;nome_do_usuario;Ajude seus contatos a te identificar ao pagar;Nome do usuário;Ajude seus contatos a te identificar ao pagar;11.00.006;11.00.006;picpay://picpay/change-username;at;feature_onboarding_adjustments_v2_enabled;atualizar,atualizar cadastro,atualizacao,arroba,cadastro,completar,completar cadastro,conta,identificar,identificacao,nome,perfil,sobrenome,usuario
FEATURE-66212cd42a252a77cc541f45;66212cd42a252a77cc541f45;dados_da_conta;Confira agência e número da sua conta PicPay;Dados da conta;Confira agência e número da sua conta PicPay;11.00.006;11.00.006;picpay://picpay/adjustmentsv2/accountinformation;bank;feature_onboarding_adjustments_v2_enabled;agencia,atualizar,atualizar cadastro,atualizacao,banco,cadastro,conta,dados,dado,numero,minha conta,transferencia,transferir,ted
FEATURE-662967df709ed5af01f57b8b;662967df709ed5af01f57b8b;pix_copia_e_cola;Insira o código Pix copiado;Pix Copia e Cola;Insira o código Pix copiado;10.19.024;10.19.035;picpay://picpay/pix/copyPaste;copy;;copia e cola,copy and past,copia,cola,codigo,colar,copiar
FEATURE-792731ddc0b15c8baa1c7440;792731ddc0b15c8baa1c7440;meus_limites_diarios;Ajuste os valores de acordo com seus pagamentos diários;Meus limites diários;Ajuste os valores de acordo com seus pagamentos diários;11.00.053;11.00.071;picpay://picpay/transactionallimits/mydailylimits;filter;;limites pix,contatos,aumentar limite,limite,limite do cartao,meu limite,limite disponivel,limites,diminuir limite,alterar limite,contato,pix,limite de credito
FEATURE-bom_dia_mercado;bom_dia_mercado;bom_dia_mercado;O melhor serviço de notícias do mercado financeiro;Bom Dia Mercado;O melhor serviço de notícias do mercado financeiro;11.00.161;11.00.103;picpay://picpay/bdm/home?origin=search;chart_sun;directmessage_search_bdm;bdm,noticia,noticias,jornal,mercado,financas,financeiro,mercado financeiro,servico noticias,investimento,bom dia mercado,bdm news,news,noticiario,informacoes financeiras,informacao financeira,bom dia,bomdia,bomdiamercado,periodico,revista,jornal hoje,morning call,bdm express,economia,todas as noticias,noticias,giro dos mercados,feed noticias,feed,assinatura,dia,diamercado,dia mercado,rosa riscala,rosariscala,riscala,cotacao,dolar,commodities,abertura do mercado,fechamento do mercado,fechamento dos mercados,resumo,resumo semanal,ariane benedito,nova iorque,ny,new york,politica,agenda economica,empresas,ibovespa,cambio,juros,europa,investimento,fed,opep,diario economico,dow jones,superavit,procon,comex,inflacao,nasdaq,copom,juros,petr,minerio de ferro,petroleo,ouro,powell,bolsa de valores,petrobras,banco central,taxa de desemprego,wall street,exportacao,china,importacoes,treasuries
FEATURE-6398ae7a3dc67e606f3de63a;6398ae7a3dc67e606f3de63a;open_finance;Traga seus dados pra acessar ofertas e benefícios;Open Finance;Traga seus dados pra acessar ofertas e benefícios;;;picpay://picpay/openfinance/webview?url=https://portal.openbanking.picpay.com/pf;open_finance;;autorizar dados,autorizacao,banco do brasil,banco pan,btg,bradesco,caixa,compartilhar dados,c6 bank,desvincular,financas,fazer open finance,guia,guiabolso,guia bolso,itau,mercado pago,meus dados,next,nubank,open finance,open banking,santander,trazer dados,vincular
FEATURE-66967564828caef8d7c86def;66967564828caef8d7c86def;assistente_de_pagamentos;Pague seus boletos e acompanhe os que vão vencer;Assistente de Pagamentos;Pague seus boletos e acompanhe os que vão vencer;11.00.028;11.00.035;picpay://picpay/bills-dda;file_check;;agendados,boleto vencido,minhas contas,contas em dia,conta em dia,conta,meus boletos,boletos a pagar,guiabolso,pendencias,boleto digital,em dia,planejamento,planejar,acompanhar boleto,assistente de pagamentos,pagar conta,pagamento,boleto,assistente
FEATURE-646fb6e3484c0be118d93855;646fb6e3484c0be118d93855;picpay_mais;Assinatura de vantagens exclusivas pra você;PicPay Mais;Assinatura de vantagens exclusivas pra você;11.00.078;11.00.119;picpay://picpay/signatures?origin=busca;bolt;;assinatura,picpay+,picpay mais,vantagens,assinar,assinatura de vantagens,mais,beneficios,amazon,amazon prime,prime,exclusivo,cdb,,cdb turbinado,cdb turbinado 107%,cdb 107%,cashback picpay mais,cashback 0,5%,saque gratis,,streaming,gold,cartao gold,tv,ao vivo,investimento,frete gratis
FEATURE-5b9a8df9df5a8c4fd9070c9b;5b9a8df9df5a8c4fd9070c9b;pagar_com_qr_code;Pague escaneando o QR Code no boleto ou máquina;Pagar com QR Code;Pague escaneando o QR Code no boleto ou máquina;;;picpay://picpay/unified-scanner?origin=busca;qr_code;;pagar qr code,qr,codigo,code,qrcode,escanear,aproximacao,pagar por apro,pagar com qr code,qr code,codigo de barra,aproxima,aprocima,aproximac
FEATURE-seguro_residencial;seguro_residencial;seguro_residencial;Proteja o seu lar contra imprevistos;Seguro Residencial;Proteja o seu lar contra imprevistos;11.00.180;11.40.000;picpay://picpay/insurance/route?feature=residential&screen=main&origin=busca;home;;seguro residencial,residencial,imóvel,lar,casa,apartamento,incêndio,danos elétricos,quebra de vidros,acidentes,imprevistos,eletricista,chaveiro,vidraceiro,desentupimento,apólice,seguro,proteção familiar
FEATURE-6644c49786304fcae205bc99;6644c49786304fcae205bc99;simulador_do_assistente;Converse com nosso simulador do assistente;Simulador do Assistente;Converse com nosso simulador do assistente;11.00.149;11.00.256;picpay://picpay/dm/atendimento?id=PP30;call_center;feature_financial_assistant;assistente,ass,assis,teste,simulador,financeiro
FEATURE-meus_cashbacks;meus_cashbacks;meus_cashbacks;Consulte suas movimentações de cashback;Meus Cashbacks;Consulte suas movimentações de cashback;11.00.134;11.00.230;picpay://picpay/cashback/history?screen=BUSCA&component=BUSCA;paper_cashback;;cashback,promocoes,descontos,dinheiro de volta,voucher,saldo cashback
FEATURE-limite_bonus;limite_bonus;limite_bonus;Multiplique seu Limite na hora!;Limite Bônus;Multiplique seu Limite na hora!;11.00.173;11.16.000;picpay://picpay/card/guaranteed-limit/cash-in?wallet-name=CTCOFR_CARD_1&cash-in-type=SIMPLE;bolt;;limite,bonus
FEATURE-624f366dc4601763b0e55ddb;624f366dc4601763b0e55ddb;seguro_carteira_digital;Proteja seu dinheiro e participe de sorteios mensais;Seguro Carteira Digital;Proteja seu dinheiro e participe de sorteios mensais;11.00.023;11.00.011;picpay://picpay/insurance;wallet_insurance;;seguro,vigencia,cancelar seguro,condicoes,manual do segurado,cobertura,protecoes,protecao carteira digital,indenizacao,cartoes protegidos,proteger carteira,sinistro,seguranca,protecao picpay card,acionar,proteger,seguro carteira digital,apolice,protecao,manual seguro,carteira digital,seguros,protecao seguranca digital,seguro carteira
FEATURE-646fb25beaf9cb4841483a56;646fb25beaf9cb4841483a56;conta_salario;Acompanhe o recebimento do seu salário aqui no PicPay;Conta Salário;Acompanhe o recebimento do seu salário aqui no PicPay;11.00.084;11.00.120;picpay://picpay/salarywallet/hub?origin=busca;suitcase_money;is_salary_wallet_pf_salary_hub_available;conta salario,salario,receber salario,transferir salario,contracheque,holerite
FEATURE-6064b874789559d0400fa299;6064b874789559d0400fa299;carteira;Confira seu extrato, saldos, cartões cadastrados e mais;Carteira;Confira seu extrato, saldos, cartões cadastrados e mais;10.19.054;10.19.076;picpay://picpay/wallet;wallet;;auxilio,conta corrente,meus,cadastrar cartao,saldo,meus cartoes,beneficio,depositar,alelo,meu saldo,carteira,cpf,criar minha carteira,gerar,car
FEATURE-6e29953761c3a1e52b9fa072;6e29953761c3a1e52b9fa072;gerar_boleto;Gere um boleto para adicionar dinheiro na sua carteira PicPay;Gerar boleto;Gere um boleto para adicionar dinheiro na sua carteira PicPay;11.00.025;11.00.026;picpay://picpay/cashin/methods;file_text;;dinheiro,auxilio,boleto,gerar cobranca,portabilidade,gerar boleto,depositar,emitir,auxilio brasil,gerar
FEATURE-61e171f0c4a48ec49337407f;61e171f0c4a48ec49337407f;investimentos;Faça seu dinheiro render. É fácil, rápido e seguro;Investimentos;Faça seu dinheiro render. É fácil, rápido e seguro;10.19.099;10.19.161;picpay://picpay/lending-hub/investment;chart_line;;acompanhar investimentos,rendimentos,clube de emprestimo,rentabilidade,aplicacao,cdi,clube,emprestar para pessoas,investir no clube,rendimento,investir,aplicar,investimentos,investimento,club,investir em pessoas,render,investir na carteira,mxf11,mxrf11
FEATURE-d38b99fbdbb44877ba6c8e62;d38b99fbdbb44877ba6c8e62;cupons;Acesse para ativar ou confira os cupons disponíveis;Cupons;Acesse para ativar ou confira os cupons disponíveis;10.19.068;10.19.151;picpay://picpay/promocode?origin=BUSCA&isPromo=true;coupon;;meu cupom,codigo promocional,codigo,cupons,cupom,ativar cupom,usar cupom,inserir cupom,cupom promocional,ativar,resgatar cupom
FEATURE-64a867bed2751da065150c4c;64a867bed2751da065150c4c;picpay_parcela;Parcele sem consumir seu saldo ou limite do cartão;PicPay Parcela;Parcele sem consumir seu saldo ou limite do cartão;11.00.078;11.00.119;picpay://picpay/bnpl/management;money_pile;bnpl_denied_transaction_feature_enabled;parcelamento,pagar depois,limite extra,saldo extra,limite,cheque especial,credito extra
FEATURE-65ae7447742802b5e3fa6cda;65ae7447742802b5e3fa6cda;cartao_de_transporte;Recarregue seu cartão de transporte;Cartão de Transporte;Recarregue seu cartão de transporte;11.00.078;11.00.119;picpay://picpay/store/5ad117f1f22e3100674782c4;metro;is_transportpass_available;transcol,bilhete,bil,recarga transporte,transporte,cartao gv,prati,gvbus,cartaogv,riocard,rio card,sou,urbs,transcol gv,recarga,bilhete unico,gv bus,passagem,recarregar,nosso,giro,taubate,diadema,metro,sorocaba,carregar,onibus,sptrans,ceturb,recargapay,recarga pay
FEATURE-65ae7671061942fb965d1ee9;65ae7671061942fb965d1ee9;cartao_de_transporte;Recarregue seu cartão de transporte;Cartão de Transporte;Recarregue seu cartão de transporte;11.00.078;11.00.119;picpay://picpay/mobility/transportpass;metro;is_transportpass_available_v2;transcol,bilhete,bil,recarga transporte,transporte,cartao gv,prati,gvbus,cartaogv,riocard,rio card,sou,urbs,transcol gv,recarga,bilhete unico,gv bus,passagem,recarregar,nosso,giro,taubate,diadema,metro,sorocaba,carregar,onibus,sptrans,ceturb,recargapay,recarga pay
FEATURE-65f47d3675a2c7bb592f7feb;65f47d3675a2c7bb592f7feb;picpay_familia;Acompanhe e gerencie as contas dos seus filhos.;PicPay Família;Acompanhe e gerencie as contas dos seus filhos.;11.00.125;11.00.189;picpay://picpay/parental-management;family;is_ppfamily_available_in_search;familia,menores de idade,menores,filhos,filha,filho,menores de 18 anos,controle,controle parental,parental,gestao familiar,area da familia,parentes,familiares,criancas,kids,criar conta,configuracoes da familia,contas,espaço familia,idade,pais,maes
FEATURE-5f29941261c3a0e12b9f4091;5f29941261c3a0e12b9f4091;pagar_pessoas;Pague amigos com PicPay;Pagar pessoas;Pague amigos com PicPay;10.19.014;10.19.016;picpay://picpay/payperson;profile;;transferencia,pagar,pagar amigos,amigos,pagamento,transferir,pagamentos
FEATURE-6621348f0a66722745bc6ae7;6621348f0a66722745bc6ae7;protecao_de_conta;Utilize como senha o método de desbloqueio do seu celular;Proteção de conta;Utilize como senha o método de desbloqueio do seu celular;11.00.006;11.00.006;picpay://picpay/accessprotection;shield_empty;feature_onboarding_adjustments_v2_enabled;acesso,autenticar,autenticacao,biometria,biometrica,conta,controle,configurar,configuracoes,desbloquear,identidade,permissao,proteger,protecao,privacidade,seguranca,senha,tela,privacidade,verificacao,verificar
FEATURE-66200a7938361a431fa6958d;66200a7938361a431fa6958d;foto_de_perfil;Ajude seus contatos a te identificar ao pagar;Foto de perfil;Ajude seus contatos a te identificar ao pagar;10.19.068;10.19.151;picpay://picpay/adjustmentsv2/hub;camera;feature_onboarding_adjustments_v2_enabled;alterar foto,alterar imagem,cadastro,camera,configuracoes,configuracao,foto,imagem,minha conta,meus dados picpay,minha foto,minha imagem,mudar foto,mudar imagem,perfil,trocar foto,atualizar,self,selfie
FEATURE-661ede81ebf34a9c5349b324;661ede81ebf34a9c5349b324;minha_conta;Configure seu perfil e conta e deixe seu cadastro atualizado;Minha conta;Configure seu perfil e conta e deixe seu cadastro atualizado;10.19.068;10.19.151;picpay://picpay/adjustmentsv2/myaccount;user_circle;feature_onboarding_adjustments_v2_enabled;ted,conta picpay,numero da conta,iban,conta,minha conta,meus dados picpay,numero da agencia,agencia,gerente,conta,depositar,atualizar,cadastro,configuracoes,configuracao,perfil
FEATURE-63c9511d9e9b3fb9e654aebd;63c9511d9e9b3fb9e654aebd;atualizar_dados_cadastrais;Confirme seus dados e deixe sua conta PicPay mais segura;Atualizar dados cadastrais;Confirme seus dados e deixe sua conta PicPay mais segura;11.00.056;11.00.076;picpay://picpay/registrationrenewal;check;feature_onboarding_researchable_old_adjustments;confirmar,endereco,meus dados,dados,atualizar,atualizar cadastro,cadastro,confirme,email,renda
FEATURE-6647b8857870594f8d0d0c35;6647b8857870594f8d0d0c35;contas_conectadas;Conecte e gerencie sua conta PicPay em nossos parceiros;Contas Conectadas;Conecte e gerencie sua conta PicPay em nossos parceiros;11.00.134;11.00.230;picpay://picpay/ecommerce/oneclick/sellers?origin=BUSCA;arrows;is_connected_accounts_one_click_available;conexao,conexoes,site,checkout,configuracao,configuracoes,ecommerce,e commerce
FEATURE-61000589ae80f88ecb9939b3;61000589ae80f88ecb9939b3;minha_conta;Confira o número do banco, agência e da sua conta PicPay;Minha conta;Confira o número do banco, agência e da sua conta PicPay;10.19.068;10.19.151;picpay://picpay/settings;bank;feature_onboarding_researchable_old_adjustments;ted,conta picpay,numero da conta,iban,conta,minha conta,meus dados picpay,numero da agencia,agencia,gerente,conta
FEATURE-66217ba00e3a47a081dfd3cc;66217ba00e3a47a081dfd3cc;chat;Converse com amigos, tire suas dúvidas e mais;Chat;Converse com amigos, tire suas dúvidas e mais;11.00.006;11.00.006;picpay://picpay/dm;chat;;bate papo,chat,conversa,conversas,conversar,comunicacoes,comunicacao,dm,direct message,mensagem,mensagens,whatsapp
FEATURE-313d0149654a1b5363226785;313d0149654a1b5363226785;minhas_chaves_pix;Cadastre, gerencie e compartilhe suas chaves Pix;Minhas chaves Pix;Cadastre, gerencie e compartilhe suas chaves Pix;10.19.094;10.19.184;picpay://picpay/pix/keyManagement;key;;cadastrar chave pix,chave pix,chaves pix,chavespix,chavepix,chave,minha chave,portabilidade,vincular,desvincular,meu,meu pix,cadastrar,pix,receber pix
FEATURE-790d0149654a1b53c1a09734;790d0149654a1b53c1a09734;shop;Ofertas com cashback, produtos, gift cards e mais;Shop;Ofertas com cashback, produtos, gift cards e mais;10.19.094;10.19.180;picpay://picpay/store;bag;;gift card,shop,store,cashback,comprar,cupom,mercado,vale presente,credito,lojas,shopping
FEATURE-618a7fc2195bee1708941261;618a7fc2195bee1708941261;emprestimos;Confira aqui as melhores condições e ofertas disponíveis;Empréstimos;Confira aqui as melhores condições e ofertas disponíveis;10.19.094;10.19.184;picpay://picpay/lending-hub;loan;;aux,auxi,auxili,antecipar parcelas,antecipacao,consignado,clube,credito,inprestimo,imprestimo,emprestimo auxilio brasil,saque fgts,pedir,sacar fgts,auxilio,credito pessoal,emprestimo,clube de emprestimo,pedir dinheiro,emprestar,emprestimo amigo,auxil,cp,imprest,fgts,cheque especial,emprestimo pessoal,emprestimos,emprestimo fgts,cheque,pagar emprestimo,auxilio brasil,impresti,cresito,crediro,credoto,fazer emprestimo,pedir emprestimo,meu emprestimo,emprestado,meus emprestimos,emprestimo pess,emprestimo entre pessoas,emprestino,empestimo,emorestimo,enpre,enprestimo,enprestino,enpestimo,quero,simular,simular emprestimo,simulador
FEATURE-644ac7d17462bcc0e5f97f86;644ac7d17462bcc0e5f97f86;emprestimo_consignado;Disponível pra aposentados e servidores públicos federais;Empréstimo Consignado;Disponível pra aposentados e servidores públicos federais;11.00.071;11.00.099;picpay://picpay/payroll-lending?origin=busca;money;;emprestimo aposentados,consignado,aposentadoria,inss,siape,aposentado,credito consignado,emprestimo desconto aposentadoria,emprestimo consignado,emprestimo servidor publico,emprestimo inss,empestimo
FEATURE-6335fb4a738b5e944f18789e;6335fb4a738b5e944f18789e;encerrar_minha_conta;Quer encerrar sua conta PicPay? Saiba mais aqui;Encerrar minha conta;Quer encerrar sua conta PicPay? Saiba mais aqui;11.00.047;11.00.047;picpay://picpay/accountclosure;heart_broken;;excluir,cancelar,encerrar,como cancelar conta,quero excluir,cancelamento,desativacao,canselar,ecerramento,quero desativar,quero encerrar minha conta,encerramento,desativar,cancelar conta,excluir conta,desfazer conta
FEATURE-702fc4ea31ed496e13199388;702fc4ea31ed496e13199388;assistente_de_viagem;Crie roteiros e obtenha dicas locais;Assistente de Viagem;Crie roteiros e obtenha dicas locais;11.00.149;11.00.256;picpay://picpay/dm/atendimento?id=PP32;airplane;travel_assistant;assistente de viagem,viagem
FEATURE-assistencia_residencial;assistencia_residencial;assistencia_residencial;Serviços 24h para o seu lar. Primeiro mês grátis!;Assistência Residencial;Serviços 24h para o seu lar. Primeiro mês grátis!;11.00.173;11.16.000;picpay://picpay/insurance/route?feature=residence-assistence&screen=main&origin=busca;wrench;insurance_hub_v2_residence_assistance_rule;assistencia,residencial,residencia,seguro,casa,apartamento,aluguel
